,Left,Right
0,[],"[0.29831981658935547, 0.4073043763637543, -3.109335580120387e-07, 0.3449583053588867, 0.3675459623336792, 0.009033426642417908, 0.4034770429134369, 0.36354634165763855, 0.013329967856407166, 0.4469357132911682, 0.3860395550727844, 0.015529442578554153, 0.4683149755001068, 0.4132615327835083, 0.01951080933213234, 0.44726303219795227, 0.4078163504600525, 0.005877413786947727, 0.490376740694046, 0.4310738444328308, 0.010103020817041397, 0.47761601209640503, 0.407941073179245, 0.01502133160829544, 0.46252086758613586, 0.39309632778167725, 0.019196070730686188, 0.45164790749549866, 0.44843780994415283, 0.002606707625091076, 0.5044426918029785, 0.4994625449180603, 0.008437100797891617, 0.49962329864501953, 0.47510477900505066, 0.014130244962871075, 0.479098379611969, 0.453131765127182, 0.018413331359624863, 0.44135329127311707, 0.4830854535102844, 0.0007527446141466498, 0.4999483525753021, 0.5392302870750427, 0.006923613604158163, 0.49811244010925293, 0.5178895592689514, 0.014270076528191566, 0.47961756587028503, 0.498293399810791, 0.018976502120494843, 0.42283278703689575, 0.5046689510345459, -1.6006865735107567e-06, 0.4628792405128479, 0.5651894807815552, 0.008671194314956665, 0.4712386727333069, 0.5559730529785156, 0.017922038212418556, 0.4658031463623047, 0.5413455367088318, 0.025036722421646118]"
1,"[0.2868836522102356, 0.3892488181591034, -3.2526278914701834e-07, 0.3665725290775299, 0.29674118757247925, -0.008299583569169044, 0.4351711869239807, 0.30678266286849976, -0.015560401603579521, 0.48782622814178467, 0.36992353200912476, -0.018448790535330772, 0.5126347541809082, 0.43589484691619873, -0.017716793343424797, 0.45934250950813293, 0.4309128224849701, -0.03556610643863678, 0.5020366311073303, 0.4719924032688141, -0.03058757446706295, 0.4901808202266693, 0.4386020302772522, -0.017497478052973747, 0.47223418951034546, 0.4073830246925354, -0.008661574684083462, 0.43152135610580444, 0.5154687166213989, -0.0330311544239521, 0.4859768748283386, 0.5661613345146179, -0.02727242186665535, 0.48807597160339355, 0.5320773720741272, -0.017194289714097977, 0.47411033511161804, 0.4953245520591736, -0.012282156385481358, 0.39565765857696533, 0.5703421831130981, -0.027284083887934685, 0.4528369903564453, 0.6279377937316895, -0.023678215220570564, 0.462795227766037, 0.5990450382232666, -0.012494220398366451, 0.4544508159160614, 0.5646098852157593, -0.006776162888854742, 0.3578920364379883, 0.6043514013290405, -0.02073860727250576, 0.40287208557128906, 0.6572074890136719, -0.01775835081934929, 0.4164687693119049, 0.6382684111595154, -0.006783968769013882, 0.4166668951511383, 0.6082233786582947, 0.0015256816986948252]",[]
2,"[0.3021467924118042, 0.35941600799560547, -5.779182856713305e-07, 0.38164854049682617, 0.3018895387649536, -0.0033401241526007652, 0.4403011202812195, 0.34063732624053955, -0.00289556966163218, 0.47555971145629883, 0.4161829650402069, 0.0007048249244689941, 0.4863778054714203, 0.47784948348999023, 0.006293370854109526, 0.45260944962501526, 0.5291054248809814, -0.007449537981301546, 0.49467194080352783, 0.5209685564041138, 0.006493908818811178, 0.48568278551101685, 0.4683331251144409, 0.01641096919775009, 0.4640621542930603, 0.4386163353919983, 0.021870221942663193, 0.4195491075515747, 0.5818734169006348, -0.0022663946729153395, 0.457641065120697, 0.5521435141563416, 0.01892448402941227, 0.4562391936779022, 0.5051008462905884, 0.02533814124763012, 0.43914130330085754, 0.47541722655296326, 0.02411653846502304, 0.38275378942489624, 0.5996390581130981, 0.0054675517603755, 0.4195275902748108, 0.5766117572784424, 0.02169189788401127, 0.422121524810791, 0.5369600653648376, 0.02635302022099495, 0.4074758291244507, 0.5063903331756592, 0.024205589666962624, 0.35032594203948975, 0.5947210788726807, 0.013826207257807255, 0.38332685828208923, 0.5773810148239136, 0.025774167850613594, 0.3892051875591278, 0.5487152338027954, 0.03418642282485962, 0.3819132447242737, 0.5253904461860657, 0.03924170881509781]",[]
3,"[0.3473779559135437, 0.3576791286468506, -4.973761633664253e-07, 0.42297640442848206, 0.35029536485671997, 0.008821283467113972, 0.47360894083976746, 0.43330276012420654, 0.0228120144456625, 0.5014663338661194, 0.5195108652114868, 0.037531036883592606, 0.5015185475349426, 0.5785585045814514, 0.05511235073208809, 0.4416954517364502, 0.6061517000198364, 0.03905399143695831, 0.4597529172897339, 0.6527345180511475, 0.06482711434364319, 0.46381720900535583, 0.6021775007247925, 0.0770258679986, 0.45434799790382385, 0.5586100220680237, 0.08493724465370178, 0.40491893887519836, 0.6268742680549622, 0.04597587510943413, 0.4265485405921936, 0.6599006056785583, 0.08265643566846848, 0.4357469081878662, 0.6119275093078613, 0.09566771239042282, 0.42992153763771057, 0.5681681632995605, 0.1006864532828331, 0.3724246621131897, 0.6150243878364563, 0.05365975573658943, 0.3945218026638031, 0.6512464880943298, 0.08385761082172394, 0.4085860550403595, 0.6138293743133545, 0.09397389739751816, 0.40373584628105164, 0.5734974145889282, 0.09686825424432755, 0.3422200083732605, 0.5892065763473511, 0.06225069984793663, 0.3665634095668793, 0.6164995431900024, 0.08818306028842926, 0.38189777731895447, 0.5904903411865234, 0.1022963896393776, 0.3822139799594879, 0.5581815242767334, 0.11140236258506775]",[]
4,"[0.36632969975471497, 0.3868926167488098, -3.6850164519819373e-07, 0.4243593215942383, 0.3519517183303833, 0.03901568800210953, 0.4675031304359436, 0.4069027900695801, 0.0709293857216835, 0.4798147976398468, 0.4624776840209961, 0.09676428884267807, 0.469062864780426, 0.5120092034339905, 0.1240934431552887, 0.48458370566368103, 0.4802815020084381, 0.07359439134597778, 0.5181718468666077, 0.5365756750106812, 0.10572132468223572, 0.5120924711227417, 0.5387252569198608, 0.12838314473628998, 0.4956810474395752, 0.5226097702980042, 0.145507350564003, 0.45947787165641785, 0.5466821193695068, 0.06654411554336548, 0.4804714024066925, 0.6046392917633057, 0.10175074636936188, 0.4725320339202881, 0.5958583354949951, 0.11946698278188705, 0.4632315933704376, 0.5725351572036743, 0.1324874758720398, 0.4309622645378113, 0.5852429270744324, 0.06076285243034363, 0.44349947571754456, 0.6286128759384155, 0.09098876267671585, 0.4442903697490692, 0.6118189692497253, 0.105800099670887, 0.4381687343120575, 0.5864938497543335, 0.11451166868209839, 0.39794865250587463, 0.6071347594261169, 0.05773067846894264, 0.4136733114719391, 0.6199288964271545, 0.08838328719139099, 0.41704484820365906, 0.5965073704719543, 0.10723966360092163, 0.41441255807876587, 0.5665928721427917, 0.12014400213956833]",[]
5,"[0.37164151668548584, 0.4127376079559326, -6.109071932769439e-07, 0.4400298595428467, 0.35905686020851135, 0.0020331344567239285, 0.4875698983669281, 0.3809563219547272, 0.014616983942687511, 0.5108447670936584, 0.41933169960975647, 0.027221927419304848, 0.5156924724578857, 0.4495804011821747, 0.03989473357796669, 0.47077229619026184, 0.51987624168396, 0.036727629601955414, 0.4657153785228729, 0.4951704740524292, 0.05911567062139511, 0.4520670771598816, 0.442103773355484, 0.06617223471403122, 0.4415215253829956, 0.41392216086387634, 0.06815944612026215, 0.43403589725494385, 0.5483511090278625, 0.04112744331359863, 0.4287033975124359, 0.4764801561832428, 0.06354159861803055, 0.41658928990364075, 0.42134028673171997, 0.058799732476472855, 0.40396547317504883, 0.3911120295524597, 0.05016781762242317, 0.4023125469684601, 0.5496869683265686, 0.04626621678471565, 0.3983401656150818, 0.47212228178977966, 0.06294155865907669, 0.38967692852020264, 0.4230935573577881, 0.05662882700562477, 0.3782286047935486, 0.3946506977081299, 0.04733080789446831, 0.3736298382282257, 0.5370404124259949, 0.05213804915547371, 0.372496098279953, 0.4851634204387665, 0.06512076407670975, 0.36862966418266296, 0.4447050094604492, 0.06916514039039612, 0.3622184991836548, 0.4185490906238556, 0.06996554881334305]",[]
6,"[0.3917701244354248, 0.34911274909973145, -4.083364046891802e-07, 0.46426787972450256, 0.2986871004104614, -0.0037376207765191793, 0.5270453095436096, 0.3197973072528839, 0.008126428350806236, 0.552952766418457, 0.33878517150878906, 0.021235620602965355, 0.562955379486084, 0.3467864990234375, 0.0338793508708477, 0.5049651265144348, 0.4659232795238495, 0.03181881085038185, 0.5377662777900696, 0.42902442812919617, 0.056879956275224686, 0.5267778635025024, 0.3791011571884155, 0.06459672003984451, 0.5147067904472351, 0.3569703996181488, 0.06658029556274414, 0.47517168521881104, 0.49208930134773254, 0.04111391678452492, 0.4997967481613159, 0.43804293870925903, 0.06740990281105042, 0.49438855051994324, 0.3932822346687317, 0.062440771609544754, 0.4823981821537018, 0.3690482974052429, 0.05296490713953972, 0.4475027918815613, 0.49067410826683044, 0.05086640268564224, 0.4699135720729828, 0.4299565851688385, 0.0710056722164154, 0.4679538309574127, 0.39306747913360596, 0.06093810126185417, 0.45699742436408997, 0.37327760457992554, 0.0486656129360199, 0.4258265495300293, 0.47667309641838074, 0.06137348711490631, 0.4469388425350189, 0.4251866042613983, 0.07663945853710175, 0.44801124930381775, 0.3910520076751709, 0.07872752100229263, 0.44032275676727295, 0.3703569769859314, 0.07764510810375214]",[]
7,"[0.3776993155479431, 0.3443911671638489, -3.2510109804206877e-07, 0.45378127694129944, 0.31561440229415894, -0.00986455287784338, 0.521385133266449, 0.34424692392349243, 0.004087573383003473, 0.5544753670692444, 0.365451455116272, 0.021600812673568726, 0.5726525187492371, 0.3747457265853882, 0.04031161218881607, 0.486737996339798, 0.5000177621841431, 0.0372319333255291, 0.533929705619812, 0.49768301844596863, 0.06912688165903091, 0.537583589553833, 0.44556084275245667, 0.08196482807397842, 0.5359177589416504, 0.40690332651138306, 0.08782211691141129, 0.4578554928302765, 0.51386559009552, 0.053317151963710785, 0.4936946928501129, 0.4877695143222809, 0.08985770493745804, 0.504281222820282, 0.43792787194252014, 0.0909891128540039, 0.503107488155365, 0.39545607566833496, 0.08539900183677673, 0.4337292015552521, 0.5033360123634338, 0.06835337728261948, 0.46234461665153503, 0.4597979784011841, 0.10021619498729706, 0.4729781150817871, 0.42328572273254395, 0.09490291774272919, 0.4742726683616638, 0.3924231231212616, 0.08429891616106033, 0.416109561920166, 0.4870634078979492, 0.08276508748531342, 0.442137211561203, 0.44488048553466797, 0.1072278544306755, 0.4514335095882416, 0.41341084241867065, 0.11199524998664856, 0.4515953063964844, 0.38714081048965454, 0.11162665486335754]",[]
8,"[0.40569061040878296, 0.3834523558616638, -4.01945527528369e-07, 0.45378243923187256, 0.31026607751846313, 0.015246998518705368, 0.49961960315704346, 0.3053736686706543, 0.025078661739826202, 0.5272287726402283, 0.32916077971458435, 0.030962806195020676, 0.5389524698257446, 0.3574781119823456, 0.03645376116037369, 0.5322593450546265, 0.3463154435157776, 0.026883529499173164, 0.5676611065864563, 0.34491270780563354, 0.03577764332294464, 0.566704511642456, 0.3313089609146118, 0.03997928276658058, 0.560012698173523, 0.31915557384490967, 0.043021202087402344, 0.5288609266281128, 0.40503841638565063, 0.02084137313067913, 0.5507305264472961, 0.3908563554286957, 0.03503701090812683, 0.5403040051460266, 0.36627334356307983, 0.03484844043850899, 0.5295543670654297, 0.3527694046497345, 0.03226812183856964, 0.5153836011886597, 0.4596389830112457, 0.015937697142362595, 0.5315548777580261, 0.44175100326538086, 0.028382813557982445, 0.5211936235427856, 0.4175904095172882, 0.027000272646546364, 0.5071467757225037, 0.4038310647010803, 0.022771503776311874, 0.497501403093338, 0.5046201944351196, 0.012324279174208641, 0.5064003467559814, 0.4792097210884094, 0.026261216029524803, 0.49879956245422363, 0.457148015499115, 0.03292396292090416, 0.48597875237464905, 0.44260740280151367, 0.036322999745607376]",[]
9,"[0.4066271185874939, 0.3732103109359741, -3.932263723527285e-07, 0.47937360405921936, 0.3152806758880615, 0.0026327811647206545, 0.5380558371543884, 0.31290891766548157, 0.02255384251475334, 0.5698316693305969, 0.309357225894928, 0.04281430318951607, 0.5896819233894348, 0.294994592666626, 0.061946313828229904, 0.5265407562255859, 0.4689813256263733, 0.05935947969555855, 0.5590266585350037, 0.4313622713088989, 0.09851746261119843, 0.5557714104652405, 0.38311269879341125, 0.11357811838388443, 0.5512564182281494, 0.3545028567314148, 0.11967956274747849, 0.49708545207977295, 0.4911564290523529, 0.06990881264209747, 0.5211131572723389, 0.4337299168109894, 0.11156748980283737, 0.5236398577690125, 0.37388089299201965, 0.10954372584819794, 0.5159630179405212, 0.3289247751235962, 0.10097245126962662, 0.46916723251342773, 0.4915781617164612, 0.08019600808620453, 0.4903002381324768, 0.4287595748901367, 0.11334040760993958, 0.49724650382995605, 0.37528592348098755, 0.10289421677589417, 0.496161550283432, 0.3349321484565735, 0.08854319900274277, 0.44476038217544556, 0.4826134443283081, 0.09134712815284729, 0.46628183126449585, 0.42953431606292725, 0.11514279991388321, 0.4713684320449829, 0.38580483198165894, 0.1176275759935379, 0.46919453144073486, 0.35045039653778076, 0.11547037959098816]",[]
10,"[0.440888911485672, 0.4113823175430298, -4.907569746137597e-07, 0.5120278000831604, 0.3498031795024872, 0.004919517785310745, 0.5729219913482666, 0.349415123462677, 0.029286552220582962, 0.6035024523735046, 0.3555857837200165, 0.05499850586056709, 0.6174081563949585, 0.34193894267082214, 0.0801805928349495, 0.5681911706924438, 0.5091468691825867, 0.06022093817591667, 0.5963360667228699, 0.4642384648323059, 0.1034732535481453, 0.5881856083869934, 0.4104875922203064, 0.12106756120920181, 0.5799153447151184, 0.3854672312736511, 0.12845732271671295, 0.537078320980072, 0.5380258560180664, 0.07155314832925797, 0.5577161908149719, 0.4712856411933899, 0.11841187626123428, 0.5564009547233582, 0.41702428460121155, 0.11986014991998672, 0.5449347496032715, 0.38693371415138245, 0.11330845952033997, 0.5072275996208191, 0.5408350229263306, 0.08332794904708862, 0.5289316773414612, 0.47579628229141235, 0.12089669704437256, 0.5315344929695129, 0.42812448740005493, 0.11360257118940353, 0.5265448093414307, 0.4024982750415802, 0.10101190954446793, 0.4802330732345581, 0.532279372215271, 0.09590116888284683, 0.5036697387695312, 0.4781424105167389, 0.122749462723732, 0.5064257383346558, 0.4371221959590912, 0.1277083456516266, 0.5024243593215942, 0.4110778570175171, 0.12733057141304016]",[]
11,"[0.4252651333808899, 0.4913601279258728, -5.947053978161421e-07, 0.4874442219734192, 0.4337315559387207, 0.02142976224422455, 0.5321435928344727, 0.4214805066585541, 0.04534665867686272, 0.5577898621559143, 0.4255824089050293, 0.06482767313718796, 0.5712767839431763, 0.43342363834381104, 0.08317700028419495, 0.5144790410995483, 0.5838822722434998, 0.07981507480144501, 0.524914562702179, 0.5424070954322815, 0.11852142959833145, 0.5177289247512817, 0.4958879351615906, 0.1294565051794052, 0.5086188912391663, 0.47493553161621094, 0.13258938491344452, 0.47950881719589233, 0.6051464676856995, 0.07886186987161636, 0.4945003092288971, 0.5546180605888367, 0.12067209929227829, 0.4911220967769623, 0.505538821220398, 0.11829881370067596, 0.4773431420326233, 0.4836769700050354, 0.10925900191068649, 0.44989028573036194, 0.6055877804756165, 0.07871212065219879, 0.4643291234970093, 0.5592593550682068, 0.11136291176080704, 0.46250638365745544, 0.5134981870651245, 0.10467711836099625, 0.4514593482017517, 0.4968786835670471, 0.09309625625610352, 0.4206452965736389, 0.5930500030517578, 0.08035966753959656, 0.4328123927116394, 0.5650207996368408, 0.10648416727781296, 0.4314413368701935, 0.5257836580276489, 0.11431094259023666, 0.42459478974342346, 0.5038368105888367, 0.11535441875457764]",[]
12,"[0.42929330468177795, 0.341083288192749, -4.064852419105591e-07, 0.5080716013908386, 0.2804708182811737, 0.016729101538658142, 0.5684660077095032, 0.2944069504737854, 0.0520985946059227, 0.5969936847686768, 0.32212498784065247, 0.0877164676785469, 0.6056466698646545, 0.3362407088279724, 0.12466815114021301, 0.5615320801734924, 0.45798537135124207, 0.08537788689136505, 0.5903370976448059, 0.4350050091743469, 0.1390155702829361, 0.585053026676178, 0.38417166471481323, 0.16444531083106995, 0.577710747718811, 0.35457390546798706, 0.17833176255226135, 0.5291218757629395, 0.4907897412776947, 0.09845113009214401, 0.5518613457679749, 0.44600042700767517, 0.1595289558172226, 0.5562576055526733, 0.3987909257411957, 0.1733754724264145, 0.5483901500701904, 0.36379581689834595, 0.1766074299812317, 0.4988805949687958, 0.49422281980514526, 0.11158868670463562, 0.5216667056083679, 0.4488293528556824, 0.16240879893302917, 0.5311960577964783, 0.4084319472312927, 0.16877014935016632, 0.5305569767951965, 0.3820103704929352, 0.1664762943983078, 0.4729241728782654, 0.48472705483436584, 0.12551824748516083, 0.49556952714920044, 0.44592583179473877, 0.16411979496479034, 0.5018229484558105, 0.4104987680912018, 0.17790816724300385, 0.5002380609512329, 0.3854009509086609, 0.18492354452610016]",[]
13,"[0.3744004964828491, 0.3934546709060669, -6.755659569535055e-07, 0.43768027424812317, 0.3168076276779175, 0.019029533490538597, 0.48437923192977905, 0.32873183488845825, 0.03143715858459473, 0.5083867311477661, 0.3668922781944275, 0.042630843818187714, 0.5044851899147034, 0.41997915506362915, 0.054139431565999985, 0.5130095481872559, 0.4451928734779358, 0.018834548071026802, 0.5283544659614563, 0.4512554705142975, 0.04585796222090721, 0.5042098164558411, 0.42753729224205017, 0.06387245655059814, 0.4836893081665039, 0.4084930419921875, 0.07301229238510132, 0.48737743496894836, 0.5239905118942261, 0.017565734684467316, 0.4818192720413208, 0.5087525248527527, 0.05008873715996742, 0.45929664373397827, 0.47402089834213257, 0.05813968926668167, 0.4462253451347351, 0.45078974962234497, 0.05558205023407936, 0.451271116733551, 0.5716702938079834, 0.02107021026313305, 0.4432302415370941, 0.5471625924110413, 0.05116672068834305, 0.431454062461853, 0.518282949924469, 0.05366634577512741, 0.4201343357563019, 0.4933033585548401, 0.045384202152490616, 0.4149112403392792, 0.5969558954238892, 0.026883967220783234, 0.4040585458278656, 0.5704918503761292, 0.05238408222794533, 0.3962702751159668, 0.5418652892112732, 0.06155049055814743, 0.3881065845489502, 0.5126793384552002, 0.06292674690485]",[]
14,"[0.36464446783065796, 0.4311736226081848, -6.071879852243001e-07, 0.42946040630340576, 0.3678963780403137, 0.0251570213586092, 0.4694296419620514, 0.3867728114128113, 0.04573778808116913, 0.47883400321006775, 0.43134939670562744, 0.06308136880397797, 0.4634326696395874, 0.47445642948150635, 0.07870644330978394, 0.48599252104759216, 0.4917566776275635, 0.047440305352211, 0.4811865985393524, 0.47393953800201416, 0.08167874068021774, 0.45937180519104004, 0.44595345854759216, 0.09798631817102432, 0.44526681303977966, 0.43065938353538513, 0.10510628670454025, 0.4517333507537842, 0.5600574612617493, 0.04452827572822571, 0.4465433359146118, 0.5369945764541626, 0.08311426639556885, 0.42883867025375366, 0.49712935090065, 0.09001246094703674, 0.41587865352630615, 0.4779483377933502, 0.0873178243637085, 0.4126170575618744, 0.5940268635749817, 0.045433059334754944, 0.4076683223247528, 0.5671061873435974, 0.07874222844839096, 0.39751186966896057, 0.5304046869277954, 0.07984204590320587, 0.3855750858783722, 0.5137524008750916, 0.07189793139696121, 0.37332120537757874, 0.6055349111557007, 0.04881793260574341, 0.36601492762565613, 0.5772808790206909, 0.08075223118066788, 0.3609198033809662, 0.5411360263824463, 0.0934663861989975, 0.35513418912887573, 0.5186586380004883, 0.09657835215330124]",[]
15,"[0.41753947734832764, 0.3673493266105652, -4.001796298780391e-07, 0.49743756651878357, 0.32016322016716003, 0.002904510125517845, 0.557468831539154, 0.3344988226890564, 0.028504526242613792, 0.5930038094520569, 0.3436279296875, 0.055673882365226746, 0.6113199591636658, 0.35326674580574036, 0.0834544450044632, 0.546920895576477, 0.4930398762226105, 0.06916097551584244, 0.5733316540718079, 0.4668757915496826, 0.11465192586183548, 0.5708003640174866, 0.4172591269016266, 0.13341714441776276, 0.56805819272995, 0.3865810036659241, 0.1421051323413849, 0.5150759220123291, 0.5207258462905884, 0.08338433504104614, 0.539526104927063, 0.46442103385925293, 0.1357344090938568, 0.5441038012504578, 0.41256511211395264, 0.14175961911678314, 0.5381055474281311, 0.3729493319988251, 0.1388813704252243, 0.48543524742126465, 0.5203993320465088, 0.09663967788219452, 0.5104515552520752, 0.46299251914024353, 0.13843421638011932, 0.52034592628479, 0.4163052439689636, 0.13705916702747345, 0.5207619667053223, 0.3831055760383606, 0.12929531931877136, 0.4579412043094635, 0.5128639340400696, 0.10978880524635315, 0.4835388660430908, 0.46552592515945435, 0.13973578810691833, 0.4916835129261017, 0.42775648832321167, 0.14702634513378143, 0.49198389053344727, 0.3967582881450653, 0.14918746054172516]",[]
16,"[0.29526326060295105, 0.4357619285583496, -6.332367092909408e-07, 0.37973448634147644, 0.41520583629608154, 0.01432115025818348, 0.42347389459609985, 0.46665865182876587, 0.028177130967378616, 0.42732200026512146, 0.5185689330101013, 0.040128231048583984, 0.4053589105606079, 0.549860417842865, 0.05057821795344353, 0.40424787998199463, 0.6062823534011841, 0.03282805159687996, 0.407412052154541, 0.5785800814628601, 0.05960797518491745, 0.39280563592910767, 0.5314623713493347, 0.07073379307985306, 0.3833758533000946, 0.5078420042991638, 0.0743393674492836, 0.36186644434928894, 0.646743655204773, 0.032435521483421326, 0.36549633741378784, 0.612069308757782, 0.06307657063007355, 0.3573604226112366, 0.5617018938064575, 0.0655611902475357, 0.3471488952636719, 0.5350577235221863, 0.0605899803340435, 0.3202752470970154, 0.6528800129890442, 0.035265352576971054, 0.32584187388420105, 0.6218153238296509, 0.061759110540151596, 0.32208451628685, 0.5788542032241821, 0.060831356793642044, 0.31185394525527954, 0.5558421015739441, 0.05278448015451431, 0.2823987603187561, 0.6374998092651367, 0.03974287956953049, 0.2844151258468628, 0.6130489706993103, 0.06521591544151306, 0.2837209701538086, 0.5762761831283569, 0.07600340247154236, 0.2790428400039673, 0.5549137592315674, 0.07921294867992401]",[]
17,"[0.38990354537963867, 0.3672526180744171, -3.2528964766243007e-07, 0.46978890895843506, 0.3002133369445801, 0.006599863525480032, 0.5306305289268494, 0.3091464638710022, 0.031151119619607925, 0.5571714043617249, 0.33074328303337097, 0.05678991600871086, 0.566264271736145, 0.3406490683555603, 0.08195535093545914, 0.5267019867897034, 0.456438273191452, 0.059386953711509705, 0.5600964426994324, 0.40880030393600464, 0.1058485135436058, 0.5481882691383362, 0.35970407724380493, 0.12667764723300934, 0.5385979413986206, 0.3378872871398926, 0.13659928739070892, 0.4982719123363495, 0.4931357204914093, 0.07252378761768341, 0.5286460518836975, 0.43788647651672363, 0.12111984193325043, 0.5285887718200684, 0.38954487442970276, 0.12542960047721863, 0.5180504322052002, 0.35595569014549255, 0.1212671548128128, 0.46881210803985596, 0.5007323622703552, 0.08695690333843231, 0.49466314911842346, 0.43980535864830017, 0.12795878946781158, 0.4993212819099426, 0.39935851097106934, 0.12430077791213989, 0.49225008487701416, 0.3735192120075226, 0.11427460610866547, 0.4433257579803467, 0.4932006299495697, 0.10236071050167084, 0.4680197834968567, 0.4433642625808716, 0.13464310765266418, 0.4728010892868042, 0.4063163995742798, 0.14293444156646729, 0.46777674555778503, 0.38056206703186035, 0.1446448564529419]",[]
18,"[0.3822025954723358, 0.36951929330825806, -4.56783794788862e-07, 0.46576380729675293, 0.3122190237045288, 0.016563983634114265, 0.5276961326599121, 0.3273175358772278, 0.05064009502530098, 0.5575437545776367, 0.35942092537879944, 0.08504793047904968, 0.5613452792167664, 0.3874775171279907, 0.12070472538471222, 0.5154186487197876, 0.49979493021965027, 0.0821714997291565, 0.5461058616638184, 0.4856289029121399, 0.13657091557979584, 0.541074812412262, 0.4324576258659363, 0.1617031991481781, 0.5343627333641052, 0.39933866262435913, 0.17486023902893066, 0.48073649406433105, 0.5347010493278503, 0.09484480321407318, 0.5067054033279419, 0.49652525782585144, 0.15664149820804596, 0.5096225738525391, 0.4464714527130127, 0.1684403270483017, 0.500564694404602, 0.40992510318756104, 0.16883639991283417, 0.44902849197387695, 0.5392371416091919, 0.1081763282418251, 0.47435590624809265, 0.5027691125869751, 0.16011899709701538, 0.4825887084007263, 0.4625212848186493, 0.16267111897468567, 0.47937777638435364, 0.4316331148147583, 0.15614046156406403, 0.4215380549430847, 0.5297346711158752, 0.1225680485367775, 0.4465166926383972, 0.5014848113059998, 0.1633843630552292, 0.45287901163101196, 0.46830737590789795, 0.17596521973609924, 0.4514974057674408, 0.4398546516895294, 0.1804482787847519]",[]
19,"[0.37874335050582886, 0.36118167638778687, -4.7070244590941e-07, 0.4640330672264099, 0.3022967278957367, 0.018814608454704285, 0.5300237536430359, 0.3262368440628052, 0.05500065162777901, 0.5634015798568726, 0.36798563599586487, 0.09027703106403351, 0.5644465088844299, 0.40071558952331543, 0.12647645175457, 0.5143259167671204, 0.5028815865516663, 0.09539995342493057, 0.5419029593467712, 0.48376524448394775, 0.1537831872701645, 0.535619854927063, 0.43024641275405884, 0.17957106232643127, 0.5287598967552185, 0.3985130786895752, 0.19263148307800293, 0.47841677069664, 0.5405348539352417, 0.10722019523382187, 0.5003191232681274, 0.4935345947742462, 0.1717374473810196, 0.5009009838104248, 0.44678205251693726, 0.18368121981620789, 0.49155569076538086, 0.4139127731323242, 0.18481439352035522, 0.4451349973678589, 0.5447583198547363, 0.11915086954832077, 0.4678919315338135, 0.4999244809150696, 0.172501802444458, 0.47525614500045776, 0.4605080485343933, 0.17440587282180786, 0.4721514582633972, 0.4319441318511963, 0.16806364059448242, 0.41680026054382324, 0.5327953696250916, 0.1320958137512207, 0.43909597396850586, 0.49726617336273193, 0.17507654428482056, 0.44448310136795044, 0.46383044123649597, 0.18801692128181458, 0.44157886505126953, 0.4371107518672943, 0.19279101490974426]",[]
20,"[0.37413275241851807, 0.38143354654312134, -5.943517180639901e-07, 0.4363541901111603, 0.29305076599121094, 0.023255737498402596, 0.48812171816825867, 0.29779052734375, 0.04018830507993698, 0.5092513561248779, 0.3367069959640503, 0.05391605570912361, 0.5001953840255737, 0.39080798625946045, 0.0666843131184578, 0.5326244831085205, 0.3912447690963745, 0.036220893263816833, 0.5541076064109802, 0.4122348427772522, 0.06353873759508133, 0.5303999185562134, 0.39579153060913086, 0.07763927429914474, 0.5099470615386963, 0.38283446431159973, 0.08417723327875137, 0.5158607363700867, 0.4717860519886017, 0.03272458538413048, 0.5132099390029907, 0.4579235017299652, 0.06763766705989838, 0.4886108338832855, 0.4278251528739929, 0.07146523892879486, 0.4711266756057739, 0.4150587320327759, 0.06643789261579514, 0.4854923486709595, 0.5293394327163696, 0.03303561732172966, 0.48282551765441895, 0.5018506646156311, 0.06395422667264938, 0.46579709649086, 0.47480684518814087, 0.062372926622629166, 0.4485574960708618, 0.4602924585342407, 0.05249952897429466, 0.45310091972351074, 0.5720891356468201, 0.03566421940922737, 0.4522273540496826, 0.541492223739624, 0.06224171072244644, 0.43945378065109253, 0.5128338932991028, 0.07116448134183884, 0.4256795048713684, 0.49273690581321716, 0.07321973890066147]",[]
21,"[0.34706321358680725, 0.4260879456996918, -5.949070782662602e-07, 0.42636704444885254, 0.3788082003593445, 0.012878628447651863, 0.478541761636734, 0.40240052342414856, 0.02903231792151928, 0.5034810900688171, 0.43404242396354675, 0.04353286698460579, 0.508573591709137, 0.46033185720443726, 0.05681312829256058, 0.4644566476345062, 0.5512327551841736, 0.04361145570874214, 0.4788154065608978, 0.5077897310256958, 0.07228896021842957, 0.46502551436424255, 0.4601420760154724, 0.08100506663322449, 0.45123952627182007, 0.4424021542072296, 0.08350206166505814, 0.4346994161605835, 0.5916815400123596, 0.045424655079841614, 0.44555068016052246, 0.5348364114761353, 0.07926210016012192, 0.43647295236587524, 0.4872269332408905, 0.07792556285858154, 0.4229448735713959, 0.46809816360473633, 0.06954548507928848, 0.4038134813308716, 0.6039612293243408, 0.04939940571784973, 0.416594922542572, 0.5522624850273132, 0.07745608687400818, 0.4113820195198059, 0.5136812925338745, 0.07146752625703812, 0.3987158536911011, 0.4933314025402069, 0.05989778786897659, 0.37592098116874695, 0.5986000895500183, 0.055057093501091, 0.3869950771331787, 0.5636972784996033, 0.07925736904144287, 0.3837968707084656, 0.5325596332550049, 0.08679252117872238, 0.37509986758232117, 0.5116251111030579, 0.08822742849588394]",[]
22,"[0.4106805622577667, 0.4011768400669098, -5.064879928795563e-07, 0.48755496740341187, 0.33577287197113037, 0.015043527819216251, 0.5407224297523499, 0.33424919843673706, 0.03862418979406357, 0.5621261596679688, 0.3529282212257385, 0.060000427067279816, 0.5584323406219482, 0.3714713156223297, 0.08066998422145844, 0.5209324955940247, 0.5008624792098999, 0.07134488224983215, 0.5357365012168884, 0.45579764246940613, 0.1092870756983757, 0.5215641856193542, 0.40344473719596863, 0.12058240175247192, 0.5099806785583496, 0.38729479908943176, 0.12402898073196411, 0.48165902495384216, 0.5318920016288757, 0.07490736991167068, 0.4968124032020569, 0.4791376292705536, 0.11531104892492294, 0.4906846582889557, 0.42907431721687317, 0.11188865453004837, 0.47777068614959717, 0.41463059186935425, 0.10247108340263367, 0.4470483660697937, 0.5380074381828308, 0.07960738986730576, 0.46585163474082947, 0.5010377764701843, 0.11267920583486557, 0.46553799510002136, 0.4597410261631012, 0.10496969521045685, 0.455397367477417, 0.45055556297302246, 0.09320951998233795, 0.41591528058052063, 0.5266563892364502, 0.08583182096481323, 0.4357907176017761, 0.5038109421730042, 0.11617332696914673, 0.4373147189617157, 0.468128502368927, 0.12625524401664734, 0.4302360415458679, 0.4542441964149475, 0.12890252470970154]",[]
23,"[0.403640478849411, 0.36658862233161926, -5.837977710143605e-07, 0.46118810772895813, 0.2781333923339844, 0.03630777448415756, 0.5114490985870361, 0.2714940309524536, 0.06517881900072098, 0.5358415246009827, 0.29705795645713806, 0.09059155732393265, 0.5349996089935303, 0.3351311981678009, 0.11485038697719574, 0.5488613843917847, 0.38706040382385254, 0.058249350637197495, 0.571428120136261, 0.41801291704177856, 0.09992942214012146, 0.5537607073783875, 0.4089466631412506, 0.12311471998691559, 0.5350965261459351, 0.3896924555301666, 0.13613568246364594, 0.5257551670074463, 0.46643131971359253, 0.0564529187977314, 0.5306446552276611, 0.46778401732444763, 0.10454846918582916, 0.5128247737884521, 0.44496360421180725, 0.11608082056045532, 0.4969117343425751, 0.4250519871711731, 0.1155826598405838, 0.4934108257293701, 0.5146046876907349, 0.059446386992931366, 0.4956689178943634, 0.4958943724632263, 0.10351508110761642, 0.48664170503616333, 0.4746445119380951, 0.10609537363052368, 0.47358769178390503, 0.4586614668369293, 0.09719749540090561, 0.46167418360710144, 0.5428676009178162, 0.06616426259279251, 0.4671470820903778, 0.5167392492294312, 0.1037822961807251, 0.45971912145614624, 0.4916245639324188, 0.11656998097896576, 0.44813215732574463, 0.4712965488433838, 0.1194780170917511]",[]
24,"[0.41089367866516113, 0.344866007566452, -4.639055077859666e-07, 0.4889609217643738, 0.2797960638999939, 0.02449324168264866, 0.5458311438560486, 0.2942888140678406, 0.058667853474617004, 0.5748080611228943, 0.3269403278827667, 0.09214948862791061, 0.5834179520606995, 0.3552704155445099, 0.12630900740623474, 0.5514053702354431, 0.4441052973270416, 0.07839909195899963, 0.581453800201416, 0.4163515269756317, 0.1343277096748352, 0.5723943710327148, 0.3705526292324066, 0.16429278254508972, 0.5599063634872437, 0.34342849254608154, 0.18094070255756378, 0.5205357074737549, 0.4906654953956604, 0.08778159320354462, 0.5426069498062134, 0.4474552869796753, 0.14673790335655212, 0.5374583005905151, 0.40197840332984924, 0.16087447106838226, 0.5225568413734436, 0.3711357116699219, 0.16328367590904236, 0.4877849221229553, 0.5049431920051575, 0.0996510311961174, 0.5059422850608826, 0.4617304801940918, 0.15001259744167328, 0.5071635246276855, 0.42377933859825134, 0.15346823632717133, 0.4970003366470337, 0.3987513780593872, 0.147177055478096, 0.4570866525173187, 0.5043960213661194, 0.1138470247387886, 0.4742931127548218, 0.4703209102153778, 0.15429672598838806, 0.4755011200904846, 0.4359551966190338, 0.16664522886276245, 0.4679654538631439, 0.40995174646377563, 0.1705002337694168]",[]
25,"[0.38115280866622925, 0.37594038248062134, -5.528478936867032e-07, 0.4407232701778412, 0.3033347427845001, 0.015110318548977375, 0.48899656534194946, 0.31712111830711365, 0.023892641067504883, 0.5157601237297058, 0.36215832829475403, 0.029456481337547302, 0.5217955112457275, 0.4042457938194275, 0.03486800566315651, 0.5251492261886597, 0.41051506996154785, 0.02195127122104168, 0.5429254770278931, 0.4329018294811249, 0.035710617899894714, 0.5233690738677979, 0.41087067127227783, 0.04221659153699875, 0.5066910982131958, 0.3944590985774994, 0.04485088959336281, 0.507762610912323, 0.47507113218307495, 0.01578553207218647, 0.5018144845962524, 0.46701592206954956, 0.033888135105371475, 0.4821319878101349, 0.43652844429016113, 0.03403175622224808, 0.4667693078517914, 0.42194047570228577, 0.02981405332684517, 0.47757095098495483, 0.5223118662834167, 0.012188759632408619, 0.47422516345977783, 0.500647783279419, 0.026599101722240448, 0.4586924910545349, 0.4733094871044159, 0.02643021009862423, 0.4434841275215149, 0.45668965578079224, 0.021844789385795593, 0.44515490531921387, 0.5560606718063354, 0.010090185329318047, 0.44317781925201416, 0.5360658168792725, 0.025264659896492958, 0.43210041522979736, 0.5083132386207581, 0.03421131893992424, 0.42021891474723816, 0.48979899287223816, 0.039068788290023804]",[]
26,"[0.33862489461898804, 0.399289071559906, -5.384861765378446e-07, 0.4040345549583435, 0.33393144607543945, 0.002267182571813464, 0.45318710803985596, 0.3496555685997009, 0.0018531373934820294, 0.47495073080062866, 0.39500367641448975, 0.0016729442868381739, 0.47031310200691223, 0.44369253516197205, 0.0016076902393251657, 0.4834446907043457, 0.47076284885406494, -0.008077104575932026, 0.4938509464263916, 0.4815804362297058, 0.0008861366077326238, 0.4723410904407501, 0.45442742109298706, 0.006165457423776388, 0.45173701643943787, 0.4348302483558655, 0.007986423559486866, 0.4542127847671509, 0.5379236340522766, -0.008694776333868504, 0.4527972638607025, 0.522179901599884, 0.006364824716001749, 0.43662893772125244, 0.4890725910663605, 0.007914409041404724, 0.42093005776405334, 0.4697703719139099, 0.003459008177742362, 0.4168645739555359, 0.5767837762832642, -0.006138412747532129, 0.419079065322876, 0.5512600541114807, 0.008392078801989555, 0.40856027603149414, 0.5213122963905334, 0.00962604209780693, 0.39477795362472534, 0.49909508228302, 0.004258924163877964, 0.38188278675079346, 0.5934788584709167, -0.0029293978586792946, 0.3821069300174713, 0.5692567825317383, 0.010877004824578762, 0.3754306137561798, 0.5418691635131836, 0.019256379455327988, 0.3659467101097107, 0.5191358327865601, 0.0228094644844532]",[]
27,"[0.41262683272361755, 0.3360530436038971, -4.892016818303091e-07, 0.49749556183815, 0.26561281085014343, 0.036833520978689194, 0.5520898103713989, 0.27950620651245117, 0.07740689069032669, 0.5843883156776428, 0.3120584785938263, 0.11300017684698105, 0.6021597385406494, 0.3375478982925415, 0.1472826898097992, 0.5450682640075684, 0.4267209470272064, 0.11811699718236923, 0.5565904974937439, 0.39222124218940735, 0.1833270788192749, 0.540652334690094, 0.3466303050518036, 0.2093421369791031, 0.5309582352638245, 0.3244633674621582, 0.2214071899652481, 0.5099217295646667, 0.47440212965011597, 0.12251592427492142, 0.518692135810852, 0.42153361439704895, 0.19193866848945618, 0.5123082399368286, 0.3773944079875946, 0.19810912013053894, 0.5005725622177124, 0.35268861055374146, 0.1927810162305832, 0.47727081179618835, 0.4882020354270935, 0.12916016578674316, 0.4882720708847046, 0.4372744858264923, 0.1886921226978302, 0.4868486821651459, 0.39749687910079956, 0.18386618793010712, 0.47933056950569153, 0.37956470251083374, 0.1695900857448578, 0.44832324981689453, 0.48500075936317444, 0.13890036940574646, 0.4582900106906891, 0.447844535112381, 0.18949759006500244, 0.455684632062912, 0.41396740078926086, 0.20229920744895935, 0.448559045791626, 0.3940456211566925, 0.20388983190059662]",[]
28,"[0.4143548011779785, 0.3402182459831238, -4.1784028326219413e-07, 0.494780570268631, 0.27112483978271484, 0.03071305900812149, 0.5510213971138, 0.2863592803478241, 0.06979209184646606, 0.5832793712615967, 0.3198542594909668, 0.10529103875160217, 0.6011438965797424, 0.3474411964416504, 0.1399880200624466, 0.5468829274177551, 0.42245393991470337, 0.10993058234453201, 0.5700029134750366, 0.3924092650413513, 0.17357052862644196, 0.5572544932365417, 0.34914952516555786, 0.2015170305967331, 0.5478655695915222, 0.3320825695991516, 0.21588134765625, 0.515478789806366, 0.47121766209602356, 0.1169256791472435, 0.5300250053405762, 0.4215727150440216, 0.18520784378051758, 0.5233252644538879, 0.3787889778614044, 0.19486795365810394, 0.5107493996620178, 0.35718366503715515, 0.19358709454536438, 0.4844944477081299, 0.4874858856201172, 0.12532711029052734, 0.4983588457107544, 0.43969136476516724, 0.1830725222826004, 0.4957279562950134, 0.4001060128211975, 0.18018381297588348, 0.48747068643569946, 0.384915828704834, 0.1685517132282257, 0.457150399684906, 0.4884515106678009, 0.13628101348876953, 0.4699935019016266, 0.4510311484336853, 0.18568183481693268, 0.466583788394928, 0.417137086391449, 0.1983013153076172, 0.45873570442199707, 0.39980363845825195, 0.20055034756660461]",[]
29,"[0.32824620604515076, 0.41244786977767944, -6.067503477424907e-07, 0.4068704843521118, 0.3423222601413727, 0.031225338578224182, 0.45484429597854614, 0.3600004017353058, 0.061668604612350464, 0.48143529891967773, 0.3992360234260559, 0.08707714080810547, 0.4924071729183197, 0.443611741065979, 0.11146676540374756, 0.44297927618026733, 0.5066671371459961, 0.09303612262010574, 0.45490050315856934, 0.4759727120399475, 0.1431017965078354, 0.442819744348526, 0.42565464973449707, 0.1608155071735382, 0.42867332696914673, 0.40109238028526306, 0.1674748659133911, 0.4055316746234894, 0.5491286516189575, 0.09272059798240662, 0.4173074960708618, 0.4995470345020294, 0.1476615071296692, 0.41082653403282166, 0.45036548376083374, 0.14959323406219482, 0.397294282913208, 0.4291970133781433, 0.14088526368141174, 0.3721954822540283, 0.5596248507499695, 0.09491151571273804, 0.38400718569755554, 0.5211384892463684, 0.1395805925130844, 0.3819813132286072, 0.4787558317184448, 0.13552463054656982, 0.36873379349708557, 0.46146664023399353, 0.12226057797670364, 0.3390507996082306, 0.5576795339584351, 0.09992282092571259, 0.34873634576797485, 0.5293115973472595, 0.13759858906269073, 0.3453044891357422, 0.49169278144836426, 0.14933142066001892, 0.33688583970069885, 0.4703389108181, 0.15106061100959778]",[]
30,"[0.31885069608688354, 0.4109032452106476, -6.844084055046551e-07, 0.39589640498161316, 0.3690650463104248, 0.03796451911330223, 0.4322294294834137, 0.38970476388931274, 0.07421047985553741, 0.45427608489990234, 0.42867711186408997, 0.10473935306072235, 0.46135783195495605, 0.4732179045677185, 0.13512277603149414, 0.40329593420028687, 0.5324618816375732, 0.11093750596046448, 0.4095904529094696, 0.49254268407821655, 0.1636848896741867, 0.40271225571632385, 0.44025105237960815, 0.18182682991027832, 0.3931754529476166, 0.4166403114795685, 0.1887166053056717, 0.3588566780090332, 0.5600906014442444, 0.11032254248857498, 0.37355250120162964, 0.514879047870636, 0.16767007112503052, 0.3717222511768341, 0.4635281264781952, 0.16842380166053772, 0.3608326315879822, 0.43549031019210815, 0.15947481989860535, 0.32457172870635986, 0.561924159526825, 0.11218868941068649, 0.33341071009635925, 0.5268698334693909, 0.15922436118125916, 0.33417001366615295, 0.4822222888469696, 0.1536785513162613, 0.32304292917251587, 0.4628509283065796, 0.13982635736465454, 0.2918688952922821, 0.5532907247543335, 0.11727572977542877, 0.2920786142349243, 0.5232641100883484, 0.15622548758983612, 0.2886844873428345, 0.48321300745010376, 0.1662703901529312, 0.2814972400665283, 0.4650445580482483, 0.16679970920085907]",[]
31,"[0.39870715141296387, 0.3057592511177063, -5.605137971542717e-07, 0.4832972288131714, 0.24061326682567596, 0.040547169744968414, 0.5375494956970215, 0.2638866901397705, 0.07877212762832642, 0.5674461126327515, 0.2942487597465515, 0.11182096600532532, 0.5820627808570862, 0.31869474053382874, 0.14266981184482574, 0.5328976511955261, 0.41270607709884644, 0.10888533294200897, 0.5355517268180847, 0.37335944175720215, 0.16921469569206238, 0.5174437761306763, 0.33066999912261963, 0.1916368305683136, 0.5086956024169922, 0.31383073329925537, 0.20071959495544434, 0.4977415204048157, 0.46580809354782104, 0.10883597284555435, 0.5018757581710815, 0.41248300671577454, 0.1748029589653015, 0.4916742146015167, 0.36962080001831055, 0.18033064901828766, 0.48117339611053467, 0.34849119186401367, 0.17326389253139496, 0.4656854569911957, 0.48277631402015686, 0.11208727955818176, 0.4729527235031128, 0.43439868092536926, 0.16868393123149872, 0.4694652557373047, 0.39533931016921997, 0.16507014632225037, 0.46033456921577454, 0.37961652874946594, 0.15070998668670654, 0.4362199008464813, 0.48421692848205566, 0.11898067593574524, 0.44432532787323, 0.45020872354507446, 0.16690492630004883, 0.44062626361846924, 0.41652911901474, 0.1805165857076645, 0.43290796875953674, 0.3951912820339203, 0.18261320888996124]",[]
32,"[0.39744311571121216, 0.31278830766677856, -4.942658620166185e-07, 0.4824860990047455, 0.24394923448562622, 0.023722736164927483, 0.5480415225028992, 0.2644544839859009, 0.05968395620584488, 0.5875542163848877, 0.29594099521636963, 0.09371362626552582, 0.6045874357223511, 0.31679293513298035, 0.1281949132680893, 0.5331833362579346, 0.45438462495803833, 0.10644664615392685, 0.5463752746582031, 0.41068556904792786, 0.16962012648582458, 0.5312771201133728, 0.35461413860321045, 0.19583220779895782, 0.5210084915161133, 0.33509162068367004, 0.20816655457019806, 0.4895779490470886, 0.49134761095046997, 0.11731462180614471, 0.5047652125358582, 0.431451678276062, 0.1886185258626938, 0.5002663135528564, 0.3837202787399292, 0.2009071409702301, 0.4895288944244385, 0.36257171630859375, 0.20021335780620575, 0.4524713158607483, 0.49193164706230164, 0.12909464538097382, 0.47280290722846985, 0.4479837715625763, 0.1888076663017273, 0.4766882061958313, 0.40554264187812805, 0.19154685735702515, 0.47027966380119324, 0.3882485032081604, 0.18346944451332092, 0.4214320480823517, 0.4779455065727234, 0.14245600998401642, 0.44245579838752747, 0.44416481256484985, 0.1906708925962448, 0.4441905617713928, 0.4083375036716461, 0.2061072438955307, 0.4374997019767761, 0.39006221294403076, 0.21127042174339294]",[]
33,"[0.38689327239990234, 0.3437098264694214, -6.613079790440679e-07, 0.4623589813709259, 0.28037548065185547, 0.017856411635875702, 0.525387704372406, 0.29431599378585815, 0.04662260413169861, 0.5653541684150696, 0.32111799716949463, 0.0755426213145256, 0.5768588781356812, 0.3588395416736603, 0.10521707683801651, 0.5187872052192688, 0.49477317929267883, 0.07615570724010468, 0.5265411734580994, 0.4484606087207794, 0.12758709490299225, 0.511177659034729, 0.39750298857688904, 0.14684252440929413, 0.5000697374343872, 0.3832674026489258, 0.1536533534526825, 0.47741538286209106, 0.5300118327140808, 0.08423817902803421, 0.48996779322624207, 0.47629886865615845, 0.14250779151916504, 0.4820687174797058, 0.4291521906852722, 0.14900197088718414, 0.4683835506439209, 0.40895238518714905, 0.1430341601371765, 0.44086703658103943, 0.5345264673233032, 0.09444565325975418, 0.45747673511505127, 0.49478164315223694, 0.14181356132030487, 0.4566264748573303, 0.45143967866897583, 0.14000706374645233, 0.44571390748023987, 0.4331088662147522, 0.12835678458213806, 0.4065648019313812, 0.52602219581604, 0.10629521310329437, 0.4248032569885254, 0.4959344267845154, 0.14229686558246613, 0.424279123544693, 0.45926424860954285, 0.15224073827266693, 0.4148561954498291, 0.43759995698928833, 0.15346479415893555]",[]
34,"[0.3722022771835327, 0.38462918996810913, -6.173967790346069e-07, 0.44111451506614685, 0.3061169385910034, 0.03583192825317383, 0.4985537827014923, 0.3126627802848816, 0.07312402874231339, 0.5367993116378784, 0.34805819392204285, 0.10530561953783035, 0.551354706287384, 0.39452892541885376, 0.13680697977542877, 0.5025810599327087, 0.5008394122123718, 0.11662814766168594, 0.498318076133728, 0.49276816844940186, 0.1822710484266281, 0.48168715834617615, 0.45367756485939026, 0.20878072082996368, 0.4716379642486572, 0.43313291668891907, 0.22016051411628723, 0.4641214609146118, 0.5538520812988281, 0.11890509724617004, 0.4585244357585907, 0.5178368091583252, 0.19364188611507416, 0.4501563608646393, 0.4767562747001648, 0.20392531156539917, 0.4381069540977478, 0.44932252168655396, 0.1999209225177765, 0.4279649257659912, 0.5710602402687073, 0.12330294400453568, 0.4284523129463196, 0.5298914313316345, 0.1852530688047409, 0.4265430271625519, 0.4923003017902374, 0.18396960198879242, 0.4204356074333191, 0.47200363874435425, 0.17064747214317322, 0.3922634720802307, 0.5715437531471252, 0.13004043698310852, 0.39595693349838257, 0.5417190194129944, 0.17586930096149445, 0.39149948954582214, 0.5064852237701416, 0.18776898086071014, 0.38646191358566284, 0.4803873598575592, 0.18922282755374908]",[]
35,"[0.3589359223842621, 0.390573650598526, -6.366967113535793e-07, 0.42347437143325806, 0.3074131906032562, 0.03394624590873718, 0.4772927463054657, 0.30248749256134033, 0.0707537978887558, 0.5105345845222473, 0.3320760726928711, 0.10221078246831894, 0.5260410904884338, 0.36340105533599854, 0.13382944464683533, 0.48518019914627075, 0.4956568777561188, 0.11488982290029526, 0.4905475676059723, 0.47917136549949646, 0.17446182668209076, 0.47195228934288025, 0.4366401433944702, 0.1974271684885025, 0.4575643837451935, 0.41429078578948975, 0.20694497227668762, 0.4491621255874634, 0.5454732775688171, 0.11611011624336243, 0.45037829875946045, 0.502990186214447, 0.18108807504177094, 0.4391360282897949, 0.46011292934417725, 0.18608754873275757, 0.42197877168655396, 0.4385848641395569, 0.17982739210128784, 0.41384947299957275, 0.563529908657074, 0.11893412470817566, 0.4183170199394226, 0.5221590399742126, 0.17250141501426697, 0.412966787815094, 0.48080265522003174, 0.16907566785812378, 0.40222036838531494, 0.4637342393398285, 0.15618935227394104, 0.3783884048461914, 0.5651059150695801, 0.12390188127756119, 0.38413941860198975, 0.5386350750923157, 0.16417230665683746, 0.3792613446712494, 0.5002354383468628, 0.17416150867938995, 0.3721157908439636, 0.4772346317768097, 0.17516638338565826]",[]
36,"[0.34425032138824463, 0.3842594027519226, -3.4341198329457256e-07, 0.41717952489852905, 0.2986431419849396, 0.04832668974995613, 0.4699009656906128, 0.28244537115097046, 0.09836959838867188, 0.4907124936580658, 0.296444833278656, 0.14076045155525208, 0.5079927444458008, 0.31625670194625854, 0.18418923020362854, 0.48557940125465393, 0.46971070766448975, 0.14864341914653778, 0.4914270043373108, 0.44370710849761963, 0.22861680388450623, 0.4787772595882416, 0.40910542011260986, 0.27673572301864624, 0.46495521068573, 0.3947276175022125, 0.30910587310791016, 0.4444780945777893, 0.5119807124137878, 0.15556207299232483, 0.45443859696388245, 0.4831700026988983, 0.24813242256641388, 0.4518757462501526, 0.4419429302215576, 0.2890931963920593, 0.43923208117485046, 0.413164883852005, 0.3158145248889923, 0.40406331419944763, 0.5285818576812744, 0.16259673237800598, 0.4191069006919861, 0.4955393671989441, 0.23772387206554413, 0.423447847366333, 0.4534117877483368, 0.25921395421028137, 0.41985374689102173, 0.4231302738189697, 0.2707143723964691, 0.3691844642162323, 0.5237409472465515, 0.17205794155597687, 0.38298511505126953, 0.5070204138755798, 0.2252809852361679, 0.3863007426261902, 0.46996551752090454, 0.24760663509368896, 0.3861810266971588, 0.4410683810710907, 0.26435625553131104]",[]
37,"[0.34908944368362427, 0.3764074444770813, -3.775923573812179e-07, 0.41927385330200195, 0.3019980788230896, 0.023294836282730103, 0.4808580279350281, 0.2944870889186859, 0.061696067452430725, 0.5161186456680298, 0.310721755027771, 0.09765515476465225, 0.5329766869544983, 0.3279896080493927, 0.13503716886043549, 0.47651901841163635, 0.4976257085800171, 0.11448124051094055, 0.49054232239723206, 0.45454132556915283, 0.18548795580863953, 0.48119056224823, 0.4061339497566223, 0.22315528988838196, 0.47250092029571533, 0.38983413577079773, 0.2449902445077896, 0.435676634311676, 0.5321713089942932, 0.12724259495735168, 0.4534560441970825, 0.4839584231376648, 0.2098396122455597, 0.4574580490589142, 0.4426010549068451, 0.2379656732082367, 0.45049652457237244, 0.4193691909313202, 0.25142785906791687, 0.4000066816806793, 0.5366544127464294, 0.1394796520471573, 0.42144834995269775, 0.4950256049633026, 0.20368692278862, 0.4332864284515381, 0.45764973759651184, 0.21636037528514862, 0.4357267916202545, 0.4355873763561249, 0.21903736889362335, 0.36888882517814636, 0.5248674750328064, 0.15239717066287994, 0.3916507065296173, 0.5002018213272095, 0.19741570949554443, 0.39830896258354187, 0.4675469994544983, 0.21526262164115906, 0.39792782068252563, 0.4398534595966339, 0.2263565957546234]",[]
38,"[0.3524816036224365, 0.38507282733917236, -5.468583026413398e-07, 0.43105557560920715, 0.32988181710243225, 0.027553027495741844, 0.4858716130256653, 0.3266642391681671, 0.06478991359472275, 0.5191255211830139, 0.334399938583374, 0.09905337542295456, 0.5303105711936951, 0.3340131640434265, 0.13284948468208313, 0.4753763675689697, 0.5043743252754211, 0.10697998851537704, 0.48719000816345215, 0.4607444107532501, 0.1656315177679062, 0.47550931572914124, 0.40865471959114075, 0.18759439885616302, 0.4648800492286682, 0.3881646394729614, 0.1973767727613449, 0.43593499064445496, 0.5306034684181213, 0.11437574028968811, 0.4497789144515991, 0.4812409281730652, 0.18046747148036957, 0.4473768472671509, 0.4335666000843048, 0.18617817759513855, 0.43572863936424255, 0.41146108508110046, 0.18021783232688904, 0.401714563369751, 0.5301830768585205, 0.12313735485076904, 0.4189653694629669, 0.4875529110431671, 0.1778727024793625, 0.4215797781944275, 0.447182297706604, 0.1738237738609314, 0.41454699635505676, 0.428617924451828, 0.16114631295204163, 0.37183883786201477, 0.5153729319572449, 0.13412803411483765, 0.3898089528083801, 0.48810577392578125, 0.17781585454940796, 0.3904379606246948, 0.4552936851978302, 0.1896812915802002, 0.3846091330051422, 0.43600356578826904, 0.1919376701116562]",[]
39,"[0.34464722871780396, 0.318938672542572, -6.041087203811912e-07, 0.4414469003677368, 0.24723567068576813, 0.02832590974867344, 0.5016313195228577, 0.26594406366348267, 0.07321333140134811, 0.5351828336715698, 0.2962263226509094, 0.11818838864564896, 0.5488713383674622, 0.31350821256637573, 0.16385973989963531, 0.5028713941574097, 0.425193727016449, 0.11047158390283585, 0.5258204340934753, 0.3533838987350464, 0.1757989376783371, 0.506257951259613, 0.2946946620941162, 0.20181933045387268, 0.49330079555511475, 0.2827313542366028, 0.2147672325372696, 0.46193036437034607, 0.46417567133903503, 0.12402306497097015, 0.48427391052246094, 0.3779415488243103, 0.19684156775474548, 0.47224918007850647, 0.32160496711730957, 0.2035420835018158, 0.4563908576965332, 0.3009982407093048, 0.19858308136463165, 0.42767179012298584, 0.4687631130218506, 0.13959746062755585, 0.4516517221927643, 0.3930186331272125, 0.20056603848934174, 0.44661882519721985, 0.34079641103744507, 0.1932900846004486, 0.4349367022514343, 0.3297766447067261, 0.17827731370925903, 0.3997091054916382, 0.4633467495441437, 0.15797972679138184, 0.4218127727508545, 0.4022044241428375, 0.20857040584087372, 0.417367160320282, 0.35971975326538086, 0.21938888728618622, 0.4071406424045563, 0.34446367621421814, 0.22085502743721008]",[]
40,"[0.36943089962005615, 0.30596810579299927, -4.6139538767420163e-07, 0.4558364152908325, 0.23945271968841553, 0.03919054940342903, 0.5103746056556702, 0.25542014837265015, 0.08788857609033585, 0.5405858755111694, 0.28064054250717163, 0.13339123129844666, 0.5577685236930847, 0.3061234652996063, 0.17997801303863525, 0.5144508481025696, 0.43265166878700256, 0.12868694961071014, 0.532017707824707, 0.3928983807563782, 0.20436912775039673, 0.5179862976074219, 0.3426787257194519, 0.23976756632328033, 0.509094774723053, 0.33214330673217773, 0.259499728679657, 0.4739702641963959, 0.4696754515171051, 0.1403244137763977, 0.49283546209335327, 0.4209064543247223, 0.22960183024406433, 0.4886004626750946, 0.37445294857025146, 0.253173828125, 0.4774833917617798, 0.3543147146701813, 0.26039937138557434, 0.43948912620544434, 0.475812166929245, 0.15367628633975983, 0.4585983455181122, 0.4320678114891052, 0.2292010337114334, 0.4624204933643341, 0.3886372148990631, 0.23903995752334595, 0.4579661190509796, 0.3714247941970825, 0.23565253615379333, 0.41207218170166016, 0.4684998095035553, 0.16949141025543213, 0.43043243885040283, 0.4297402799129486, 0.22839203476905823, 0.43088287115097046, 0.3946726322174072, 0.24783727526664734, 0.4252392649650574, 0.3770884871482849, 0.2567102611064911]",[]
41,"[0.36958426237106323, 0.31876763701438904, -6.020295586495195e-07, 0.4485679566860199, 0.24750187993049622, 0.02777010202407837, 0.50821453332901, 0.2636764645576477, 0.06411702930927277, 0.54508376121521, 0.29722970724105835, 0.09876168519258499, 0.5536118745803833, 0.34034276008605957, 0.13364388048648834, 0.5155213475227356, 0.4654249846935272, 0.10340379178524017, 0.5217888355255127, 0.42225006222724915, 0.16690434515476227, 0.5036364197731018, 0.3687494993209839, 0.19294507801532745, 0.4911253750324249, 0.3537943661212921, 0.2044844627380371, 0.4704894721508026, 0.5066981911659241, 0.11156123876571655, 0.481082022190094, 0.4503890872001648, 0.18564264476299286, 0.47554564476013184, 0.4014626443386078, 0.19736827909946442, 0.4630967676639557, 0.3782842457294464, 0.1937515139579773, 0.4318700432777405, 0.5116181969642639, 0.1216588094830513, 0.445835143327713, 0.4628412127494812, 0.18353186547756195, 0.44874152541160583, 0.41931742429733276, 0.18272505700588226, 0.44243478775024414, 0.3995860815048218, 0.16974222660064697, 0.39748531579971313, 0.49999627470970154, 0.13383550941944122, 0.41243720054626465, 0.4639040529727936, 0.18136945366859436, 0.4142325818538666, 0.42938563227653503, 0.1937529742717743, 0.40995487570762634, 0.40745243430137634, 0.19547753036022186]",[]
42,"[0.359188437461853, 0.3334903120994568, -6.028165557836473e-07, 0.43792957067489624, 0.2667909860610962, 0.03212357312440872, 0.502241313457489, 0.2840352952480316, 0.07140395045280457, 0.5392327308654785, 0.3277307152748108, 0.10756415128707886, 0.5458939671516418, 0.3802427053451538, 0.14447548985481262, 0.5012201070785522, 0.47516995668411255, 0.10993190109729767, 0.5126673579216003, 0.47886162996292114, 0.1732277125120163, 0.4996189475059509, 0.4321129024028778, 0.20152096450328827, 0.4881645143032074, 0.4094623625278473, 0.2157028764486313, 0.4621482491493225, 0.518945038318634, 0.11613140255212784, 0.47220098972320557, 0.49442291259765625, 0.1884891837835312, 0.47063466906547546, 0.4470967650413513, 0.20489518344402313, 0.45880210399627686, 0.41827771067619324, 0.2074061930179596, 0.4261597990989685, 0.5299899578094482, 0.12347549200057983, 0.4410784840583801, 0.49954742193222046, 0.18391534686088562, 0.4469793438911438, 0.45698410272598267, 0.18867714703083038, 0.44223514199256897, 0.43288904428482056, 0.1819114238023758, 0.3918769955635071, 0.5256466269493103, 0.13276802003383636, 0.40796902775764465, 0.5012853741645813, 0.17947982251644135, 0.41315749287605286, 0.46579545736312866, 0.19398361444473267, 0.409629225730896, 0.43881484866142273, 0.1987914741039276]",[]
43,"[0.3469861149787903, 0.3503767251968384, -5.646109570989211e-07, 0.42825111746788025, 0.2775160074234009, 0.04658377170562744, 0.48419228196144104, 0.28088608384132385, 0.09319588541984558, 0.5195700526237488, 0.3100150227546692, 0.13439901173114777, 0.5269764065742493, 0.353118360042572, 0.1771571934223175, 0.4925553798675537, 0.4632728397846222, 0.12695343792438507, 0.5044025182723999, 0.4801207184791565, 0.1930294781923294, 0.4925643503665924, 0.44596925377845764, 0.2241201251745224, 0.48110684752464294, 0.42409661412239075, 0.24222584068775177, 0.4563291370868683, 0.5102888345718384, 0.13098858296871185, 0.46696433424949646, 0.49982506036758423, 0.21145474910736084, 0.4634774625301361, 0.4673307538032532, 0.2365237921476364, 0.4536648094654083, 0.4405115246772766, 0.24634887278079987, 0.42079102993011475, 0.530547022819519, 0.13640381395816803, 0.4342460334300995, 0.5082278251647949, 0.2066531628370285, 0.43739190697669983, 0.4752078950405121, 0.22051145136356354, 0.4342319369316101, 0.4524076581001282, 0.2205818146467209, 0.3882049322128296, 0.5343999266624451, 0.1442497819662094, 0.40175557136535645, 0.515363335609436, 0.19988495111465454, 0.40244901180267334, 0.4830861985683441, 0.22075186669826508, 0.3977133631706238, 0.45838332176208496, 0.23091672360897064]",[]
44,"[0.37570440769195557, 0.37763211131095886, -7.051965553728223e-07, 0.441604346036911, 0.2917124629020691, 0.06979912519454956, 0.4735642075538635, 0.2839481234550476, 0.13171549141407013, 0.4900098443031311, 0.3011723756790161, 0.18376444280147552, 0.5034725069999695, 0.32088708877563477, 0.23586119711399078, 0.4862125813961029, 0.465789258480072, 0.16371317207813263, 0.4836961030960083, 0.4725343585014343, 0.23776274919509888, 0.4704791009426117, 0.4456773102283478, 0.2690175473690033, 0.46175408363342285, 0.4237041175365448, 0.2862134277820587, 0.4497637152671814, 0.5092083215713501, 0.16147799789905548, 0.4463387429714203, 0.49953383207321167, 0.2460380643606186, 0.4361512064933777, 0.4592619240283966, 0.2625754773616791, 0.4234698712825775, 0.42457669973373413, 0.2653116285800934, 0.4133051335811615, 0.5337817668914795, 0.16231384873390198, 0.4150066077709198, 0.5156874060630798, 0.23740734159946442, 0.4109876751899719, 0.4770956039428711, 0.23939412832260132, 0.40772154927253723, 0.4514215886592865, 0.2297230362892151, 0.38131293654441833, 0.5412631034851074, 0.16778437793254852, 0.37706100940704346, 0.5265329480171204, 0.22564750909805298, 0.3691816031932831, 0.48493748903274536, 0.24010317027568817, 0.3650868237018585, 0.4575884938240051, 0.243805393576622]",[]
45,[],"[0.3262099325656891, 0.1704743504524231, 2.9215951258265704e-07, 0.3665069043636322, 0.1778198927640915, -0.030555004253983498, 0.3999384939670563, 0.23632794618606567, -0.040154438465833664, 0.41857674717903137, 0.306308388710022, -0.04479304701089859, 0.44061553478240967, 0.3669999837875366, -0.047869276255369186, 0.39791756868362427, 0.3375892639160156, -0.011386530473828316, 0.4115433692932129, 0.4102283716201782, -0.01795300655066967, 0.41681230068206787, 0.46394503116607666, -0.025778664276003838, 0.41836798191070557, 0.5050833225250244, -0.03095635585486889, 0.3793591260910034, 0.35768139362335205, 0.0002699476317502558, 0.39253127574920654, 0.43217015266418457, -0.0010754159884527326, 0.39803051948547363, 0.47729626297950745, -0.005786100402474403, 0.401959091424942, 0.5165036916732788, -0.009794018231332302, 0.3607279658317566, 0.3636800944805145, 0.007962803356349468, 0.3710405230522156, 0.4359755516052246, 0.004024610389024019, 0.3753322958946228, 0.4797418713569641, 0.003010418266057968, 0.3772682547569275, 0.5175723433494568, 0.002046892885118723, 0.3409329056739807, 0.36238351464271545, 0.012547340244054794, 0.34830963611602783, 0.4260008633136749, 0.008798095397651196, 0.3499022126197815, 0.4651724398136139, 0.009048227220773697, 0.35111892223358154, 0.4989386200904846, 0.009461687877774239]"
46,"[0.32981348037719727, 0.39302858710289, 2.2457187753843755e-07, 0.4072871804237366, 0.3365686535835266, 0.030915403738617897, 0.46185973286628723, 0.3506503105163574, 0.06740915775299072, 0.4904457926750183, 0.4146612882614136, 0.0937516912817955, 0.5161406993865967, 0.48016199469566345, 0.12048973888158798, 0.4652317464351654, 0.5089329481124878, 0.1551789790391922, 0.48465240001678467, 0.559767484664917, 0.2208678275346756, 0.4915093779563904, 0.5916725397109985, 0.26190364360809326, 0.48707982897758484, 0.5968260169029236, 0.2914944887161255, 0.4238590598106384, 0.5732088088989258, 0.15903471410274506, 0.43796443939208984, 0.626122772693634, 0.23774521052837372, 0.4355767071247101, 0.6294162273406982, 0.2767651677131653, 0.4288097321987152, 0.6107720732688904, 0.3069964349269867, 0.3826926052570343, 0.6082808375358582, 0.15635474026203156, 0.3878444731235504, 0.6281782984733582, 0.21191930770874023, 0.3857071101665497, 0.6055811047554016, 0.22664415836334229, 0.3789529800415039, 0.5853196382522583, 0.23825503885746002, 0.34017401933670044, 0.6253349184989929, 0.15375769138336182, 0.34535741806030273, 0.6340460777282715, 0.19063536822795868, 0.3397844135761261, 0.6097889542579651, 0.20222632586956024, 0.33251696825027466, 0.578971803188324, 0.21301192045211792]",[]
47,"[0.3458690047264099, 0.38799721002578735, 3.4125801562367997e-07, 0.43817758560180664, 0.37524649500846863, 0.03729311004281044, 0.4830392301082611, 0.41425907611846924, 0.07547228783369064, 0.5090057253837585, 0.4717443287372589, 0.10155652463436127, 0.5334215760231018, 0.543036937713623, 0.12871959805488586, 0.4656780958175659, 0.5511178970336914, 0.16618786752223969, 0.4839366674423218, 0.6147085428237915, 0.23711258172988892, 0.4943675100803375, 0.6410399675369263, 0.28720346093177795, 0.4930415749549866, 0.6495200395584106, 0.3246534466743469, 0.42149850726127625, 0.60660320520401, 0.16823798418045044, 0.43410050868988037, 0.6581129431724548, 0.25927165150642395, 0.4393465518951416, 0.678185224533081, 0.31354212760925293, 0.4413784146308899, 0.673416018486023, 0.355009526014328, 0.37573862075805664, 0.6330270171165466, 0.16247744858264923, 0.38414466381073, 0.6597573161125183, 0.22714051604270935, 0.38848602771759033, 0.6507591009140015, 0.2532501816749573, 0.3923749327659607, 0.6333393454551697, 0.27351462841033936, 0.33195000886917114, 0.6450033783912659, 0.1567271500825882, 0.33867377042770386, 0.665368378162384, 0.19509035348892212, 0.3405049443244934, 0.6510060429573059, 0.20912395417690277, 0.34197941422462463, 0.6204968690872192, 0.2240733504295349]",[]
48,"[0.334009051322937, 0.3713091015815735, 3.4316744290663337e-07, 0.44331294298171997, 0.34288710355758667, 0.027956807985901833, 0.49967849254608154, 0.3715265691280365, 0.07183601707220078, 0.5334271192550659, 0.43120884895324707, 0.10481990873813629, 0.5718532800674438, 0.4903467893600464, 0.1383046954870224, 0.48708677291870117, 0.5413070321083069, 0.18624566495418549, 0.5124205946922302, 0.5979125499725342, 0.26047393679618835, 0.5228894948959351, 0.6126253604888916, 0.30630794167518616, 0.520287275314331, 0.6104714870452881, 0.3417031168937683, 0.4471401870250702, 0.5920868515968323, 0.19677194952964783, 0.47342851758003235, 0.6503539085388184, 0.2958598732948303, 0.48347803950309753, 0.6592050790786743, 0.346809983253479, 0.4857780933380127, 0.6536944508552551, 0.38528499007225037, 0.40776872634887695, 0.6177289485931396, 0.19637630879878998, 0.42994120717048645, 0.6538941860198975, 0.26960694789886475, 0.4396975636482239, 0.6359126567840576, 0.2965599298477173, 0.4423857629299164, 0.6122994422912598, 0.31655389070510864, 0.370951771736145, 0.6375826001167297, 0.19413554668426514, 0.39199578762054443, 0.6506090760231018, 0.24205827713012695, 0.40177297592163086, 0.6317009925842285, 0.2585597038269043, 0.40704771876335144, 0.6025998592376709, 0.27398285269737244]",[]
